macro_f1,pdnc_recall,pdmci_recall,pdd_recall
0.7105279497799497,1.0,0.6911764705882353,0.42857142857142855
0.7095407759303246,1.0,0.6617647058823529,0.5
0.8184073786535616,1.0,0.75,0.7142857142857143
0.8567460317460318,1.0,0.8235294117647058,0.7142857142857143
0.8107944509895249,1.0,0.6470588235294118,0.9285714285714286
0.6850334676700899,1.0,0.6323529411764706,0.35714285714285715
0.8048576850094876,1.0,0.7058823529411765,0.7142857142857143
0.7517228681985989,1.0,0.6470588235294118,0.6428571428571429
0.7939493780808623,1.0,0.75,0.6428571428571429
0.7322759103641455,1.0,0.6911764705882353,0.5
0.7671408407496408,1.0,0.7058823529411765,0.6428571428571429
0.7675943835518303,1.0,0.6911764705882353,0.6428571428571429
0.7140247051650959,1.0,0.7205882352941176,0.35714285714285715
0.7164241535661494,1.0,0.6323529411764706,0.5
0.7493375311557129,1.0,0.7205882352941176,0.5714285714285714
0.7598606686867116,1.0,0.7205882352941176,0.5714285714285714
0.7956678006496377,1.0,0.7352941176470589,0.6428571428571429
0.7566434104057352,1.0,0.75,0.5
0.8107944509895249,1.0,0.6470588235294118,0.9285714285714286
0.8135090298985787,1.0,0.7352941176470589,0.7857142857142857
0.7230165937158168,1.0,0.6764705882352942,0.5
0.7720294212573681,1.0,0.7352941176470589,0.5714285714285714
0.6514089788921033,1.0,0.6323529411764706,0.2857142857142857
0.7853174603174603,1.0,0.8235294117647058,0.5
0.712740971381345,1.0,0.6911764705882353,0.42857142857142855
0.7516771488469601,1.0,0.6911764705882353,0.5714285714285714
0.7240350314447069,1.0,0.6323529411764706,0.5714285714285714
0.8045400261927328,1.0,0.6911764705882353,0.8571428571428571
0.6946100664186584,1.0,0.7058823529411765,0.35714285714285715
0.8418067857825414,1.0,0.7941176470588235,0.7142857142857143
0.8129428977792447,1.0,0.7352941176470589,0.7142857142857143
0.7668231611893583,1.0,0.7058823529411765,0.5714285714285714
0.755583167054683,1.0,0.7205882352941176,0.5714285714285714
0.7477420136994605,1.0,0.6617647058823529,0.6428571428571429
0.858812951316096,1.0,0.7941176470588235,0.7142857142857143
0.7798050188294091,1.0,0.7352941176470589,0.6428571428571429
0.7765345765345765,1.0,0.6617647058823529,0.6428571428571429
0.6949083110436396,1.0,0.6176470588235294,0.5
0.7333409871395914,1.0,0.6470588235294118,0.5714285714285714
0.7288317572892041,1.0,0.7647058823529411,0.35714285714285715
0.7463634620126579,1.0,0.6176470588235294,0.7142857142857143
0.7089665624703988,1.0,0.6029411764705882,0.5714285714285714
0.7408456277269798,1.0,0.7352941176470589,0.5
0.682598235765838,1.0,0.5882352941176471,0.42857142857142855
0.7137532773984715,1.0,0.6764705882352942,0.42857142857142855
0.6965597928408712,1.0,0.6029411764705882,0.5
0.7279342723004696,1.0,0.6617647058823529,0.5
0.7559806677008264,1.0,0.6764705882352942,0.6428571428571429
0.6480161145407646,1.0,0.6911764705882353,0.21428571428571427
0.7874202099565902,1.0,0.7205882352941176,0.6428571428571429
0.7409308660039228,1.0,0.6764705882352942,0.5
0.7371089442499413,1.0,0.6029411764705882,0.6428571428571429
0.7710893323607708,1.0,0.7794117647058824,0.5
0.847422638353426,1.0,0.8529411764705882,0.6428571428571429
0.7545965272644514,1.0,0.6176470588235294,0.7142857142857143
0.8268234069584118,1.0,0.7647058823529411,0.7857142857142857
0.7666428885479197,1.0,0.6911764705882353,0.5714285714285714
0.8341580388112056,1.0,0.7647058823529411,0.7857142857142857
0.7417500085919512,1.0,0.7058823529411765,0.5
0.7875764221158957,1.0,0.7941176470588235,0.5714285714285714
0.7981819536100977,1.0,0.6470588235294118,0.8571428571428571
0.7250654989354679,1.0,0.6029411764705882,0.6428571428571429
0.8086596304651413,1.0,0.6617647058823529,0.7857142857142857
0.6736312011143255,1.0,0.6323529411764706,0.35714285714285715
0.7453054911059551,1.0,0.7058823529411765,0.42857142857142855
0.8083593190713932,1.0,0.6764705882352942,0.8571428571428571
0.7420440080014549,1.0,0.6470588235294118,0.6428571428571429
0.764441000986683,1.0,0.6911764705882353,0.6428571428571429
0.6972655755550492,1.0,0.7352941176470589,0.35714285714285715
0.7605598872071888,1.0,0.7647058823529411,0.5
0.7292304448661184,1.0,0.6764705882352942,0.5
0.8111315348197937,1.0,0.7647058823529411,0.6428571428571429
0.781483978475908,1.0,0.6617647058823529,0.7857142857142857
0.7443825189790833,1.0,0.6176470588235294,0.6428571428571429
0.7826295415280679,1.0,0.7941176470588235,0.5714285714285714
0.7364102564102564,1.0,0.6617647058823529,0.5714285714285714
0.8092589281575515,1.0,0.7058823529411765,0.7857142857142857
0.720874109263658,1.0,0.7205882352941176,0.42857142857142855
0.7640743095288549,1.0,0.7058823529411765,0.5
0.8195396760365106,1.0,0.6764705882352942,0.7857142857142857
0.7360177418182059,1.0,0.6470588235294118,0.5
0.8124748700723243,1.0,0.8235294117647058,0.5714285714285714
0.7215065636118267,1.0,0.6029411764705882,0.5714285714285714
0.7530206460750667,1.0,0.7352941176470589,0.5
0.7775444087527111,1.0,0.6323529411764706,0.7857142857142857
0.7159287507648164,1.0,0.5735294117647058,0.6428571428571429
0.7658399885287498,1.0,0.7647058823529411,0.5
0.7440382599580713,1.0,0.7941176470588235,0.35714285714285715
0.8123786337419935,1.0,0.75,0.6428571428571429
0.7516064349236963,1.0,0.7205882352941176,0.5714285714285714
0.7481434229451782,1.0,0.75,0.5
0.7947759103641455,1.0,0.6911764705882353,0.7142857142857143
0.747439389548923,1.0,0.6470588235294118,0.6428571428571429
0.8154479274996286,1.0,0.7794117647058824,0.5714285714285714
0.7181693155053811,1.0,0.6470588235294118,0.5
0.7404051347713319,1.0,0.6617647058823529,0.5714285714285714
0.7446009389671362,1.0,0.7058823529411765,0.5
0.7720294212573681,1.0,0.7352941176470589,0.5714285714285714
0.7426271526288223,1.0,0.6176470588235294,0.7142857142857143
0.8157160369128204,1.0,0.8088235294117647,0.7142857142857143
0.7467108284755343,1.0,0.5882352941176471,0.7857142857142857
0.7175011011126865,1.0,0.6029411764705882,0.5714285714285714
0.792258325760174,1.0,0.7205882352941176,0.7142857142857143
0.7710893323607708,1.0,0.7794117647058824,0.5
0.7307122507122507,1.0,0.6470588235294118,0.5714285714285714
0.6990045014308309,1.0,0.7058823529411765,0.35714285714285715
0.8055615983640262,1.0,0.7941176470588235,0.6428571428571429
0.7317637980783044,1.0,0.6323529411764706,0.5714285714285714
0.7896502354743782,1.0,0.7647058823529411,0.5714285714285714
0.714763663919674,1.0,0.6176470588235294,0.5714285714285714
0.7458033020046512,1.0,0.7205882352941176,0.5
0.7394009784253687,1.0,0.7352941176470589,0.5
0.7590031833424388,1.0,0.7058823529411765,0.5714285714285714
0.7748048637205023,1.0,0.7205882352941176,0.5714285714285714
0.7376459785015935,1.0,0.6911764705882353,0.5
0.7713759728148218,1.0,0.7794117647058824,0.5714285714285714
0.7557945672065595,1.0,0.7058823529411765,0.5714285714285714
0.7584567650902163,1.0,0.7205882352941176,0.5714285714285714
0.7461215932914046,1.0,0.6764705882352942,0.5714285714285714
0.8332555097533684,1.0,0.75,0.7142857142857143
0.7460401932100046,1.0,0.6470588235294118,0.6428571428571429
0.734188900146347,1.0,0.7352941176470589,0.42857142857142855
0.7290011339829711,1.0,0.7352941176470589,0.42857142857142855
0.7489323890612981,1.0,0.6764705882352942,0.5714285714285714
0.7417372198447315,1.0,0.7794117647058824,0.42857142857142855
0.6912286131396986,1.0,0.5588235294117647,0.5
0.7302385923908531,1.0,0.6764705882352942,0.5714285714285714
0.7543961878123948,1.0,0.7058823529411765,0.5714285714285714
0.8096643242359862,1.0,0.7647058823529411,0.6428571428571429
0.7908710730314157,1.0,0.6617647058823529,0.7142857142857143
0.7774057653433896,1.0,0.75,0.5714285714285714
0.8054270932319713,1.0,0.75,0.7142857142857143
0.7986439498140953,1.0,0.5882352941176471,0.8571428571428571
0.8113915394094232,1.0,0.7352941176470589,0.6428571428571429
0.7429622878726696,1.0,0.7205882352941176,0.5
0.7057120500782471,1.0,0.6617647058823529,0.42857142857142855
0.8617924618962501,1.0,0.7941176470588235,0.7857142857142857
0.7278089637351867,1.0,0.6470588235294118,0.5
0.86051134176471,1.0,0.7941176470588235,0.8571428571428571
0.7286887416300144,1.0,0.7352941176470589,0.42857142857142855
0.7176726408644093,1.0,0.6176470588235294,0.5
0.7473923633498102,1.0,0.6911764705882353,0.5714285714285714
0.7624679979518688,1.0,0.7352941176470589,0.5714285714285714
0.8728119158741169,1.0,0.7794117647058824,1.0
0.7827347146606086,1.0,0.7352941176470589,0.6428571428571429
0.7743381924300944,1.0,0.6617647058823529,0.7857142857142857
0.7777967531098461,1.0,0.6911764705882353,0.6428571428571429
0.826813725490196,1.0,0.7205882352941176,0.7857142857142857
0.6813067504696956,1.0,0.7058823529411765,0.2857142857142857
0.8293138509531159,1.0,0.7352941176470589,0.7857142857142857
0.7499665231946437,1.0,0.7058823529411765,0.5
0.7988993710691824,1.0,0.7058823529411765,0.7142857142857143
0.709914114406093,1.0,0.6764705882352942,0.42857142857142855
0.728783617196871,1.0,0.6176470588235294,0.5714285714285714
0.7622228004741665,1.0,0.7205882352941176,0.5
0.7568049462531107,1.0,0.7205882352941176,0.5
0.7876000648193161,1.0,0.7058823529411765,0.6428571428571429
0.8084256792147753,1.0,0.7352941176470589,0.6428571428571429
0.8029367348626288,1.0,0.7352941176470589,0.7142857142857143
0.7021160249955688,1.0,0.7352941176470589,0.2857142857142857
0.7954475990419508,1.0,0.75,0.7142857142857143
0.7422957894656008,1.0,0.7352941176470589,0.42857142857142855
0.7318351897834833,1.0,0.6323529411764706,0.6428571428571429
0.7151103214981113,1.0,0.6764705882352942,0.42857142857142855
0.7461419540493793,1.0,0.7058823529411765,0.5714285714285714
0.7996279875656117,1.0,0.75,0.6428571428571429
0.7504015671256257,1.0,0.7205882352941176,0.5
0.7320333261240357,1.0,0.6911764705882353,0.5
0.8169109668470175,1.0,0.75,0.7142857142857143
0.7301973741413791,1.0,0.7205882352941176,0.42857142857142855
0.8057551907337722,1.0,0.75,0.6428571428571429
0.7669929637984746,1.0,0.6617647058823529,0.6428571428571429
0.7577270496264535,1.0,0.6911764705882353,0.5714285714285714
0.8311250389429509,1.0,0.8088235294117647,0.5714285714285714
0.7719585379159848,1.0,0.6764705882352942,0.7142857142857143
0.7222086327269022,1.0,0.7205882352941176,0.42857142857142855
0.6707578641043727,1.0,0.6323529411764706,0.2857142857142857
0.70704748091745,1.0,0.6029411764705882,0.5714285714285714
0.7140265925491643,1.0,0.6470588235294118,0.42857142857142855
0.7596029986273889,1.0,0.7352941176470589,0.5714285714285714
0.7659066824683184,1.0,0.6911764705882353,0.6428571428571429
0.7752578166728297,1.0,0.6617647058823529,0.7142857142857143
0.8185634412649961,1.0,0.6617647058823529,1.0
0.7798050188294091,1.0,0.7352941176470589,0.6428571428571429
0.7258184771207817,1.0,0.6764705882352942,0.5714285714285714
0.7455978520286396,1.0,0.75,0.5
0.7739425770308123,1.0,0.6911764705882353,0.6428571428571429
0.7251820222821069,1.0,0.7058823529411765,0.5
0.7622592579591515,1.0,0.7647058823529411,0.5
0.6966139574109214,1.0,0.6470588235294118,0.42857142857142855
0.6854655755787089,1.0,0.5441176470588235,0.5714285714285714
0.7402156791469768,1.0,0.8088235294117647,0.35714285714285715
0.7700432418830417,1.0,0.7058823529411765,0.6428571428571429
0.7587254335271888,1.0,0.7794117647058824,0.5
0.7780151312861593,1.0,0.7058823529411765,0.5714285714285714
0.7752378169577007,1.0,0.7352941176470589,0.6428571428571429
0.7546072474400698,1.0,0.6617647058823529,0.6428571428571429
0.6879807872715674,1.0,0.7352941176470589,0.2857142857142857
0.8540830767568734,1.0,0.7647058823529411,0.7857142857142857
0.7690228750162157,1.0,0.6911764705882353,0.6428571428571429
0.7840562220199402,1.0,0.7941176470588235,0.5714285714285714
0.7403262671624254,1.0,0.6323529411764706,0.5
0.663114823906712,1.0,0.5294117647058824,0.5
0.7869578732391501,1.0,0.7352941176470589,0.7142857142857143
0.7655339878700534,1.0,0.6617647058823529,0.6428571428571429
0.6992822170684283,1.0,0.6911764705882353,0.35714285714285715
0.7795083896566798,1.0,0.6617647058823529,0.6428571428571429
0.7675502632501567,1.0,0.7794117647058824,0.5
0.7931097066925944,1.0,0.7205882352941176,0.6428571428571429
0.7819105680833119,1.0,0.7058823529411765,0.6428571428571429
0.7415295749201624,1.0,0.7352941176470589,0.42857142857142855
0.7392484239558708,1.0,0.7941176470588235,0.35714285714285715
0.7670676576507547,1.0,0.7352941176470589,0.5714285714285714
0.6982569368854291,1.0,0.6911764705882353,0.35714285714285715
0.7753966259653895,1.0,0.75,0.5714285714285714
0.7861584828943621,1.0,0.7352941176470589,0.6428571428571429
0.7488048506826899,1.0,0.6323529411764706,0.6428571428571429
0.8090132090132091,1.0,0.7058823529411765,0.6428571428571429
0.7477610668921543,1.0,0.7058823529411765,0.5
0.6583816436236513,1.0,0.6764705882352942,0.2857142857142857
0.6749762583095916,1.0,0.6029411764705882,0.35714285714285715
0.7509386253926902,1.0,0.75,0.5
0.7349612338732262,1.0,0.7058823529411765,0.5
0.7292801273514872,1.0,0.6617647058823529,0.5
0.8069918162276953,1.0,0.7352941176470589,0.7142857142857143
0.7320333261240357,1.0,0.6911764705882353,0.5
0.7876000648193161,1.0,0.7058823529411765,0.6428571428571429
0.7076967458291431,1.0,0.7647058823529411,0.35714285714285715
0.741533534216461,1.0,0.6911764705882353,0.42857142857142855
0.8211194037527775,1.0,0.8088235294117647,0.6428571428571429
0.6999675749777334,1.0,0.6029411764705882,0.5
0.7644676642167556,1.0,0.7205882352941176,0.5714285714285714
0.7641160048805071,1.0,0.6617647058823529,0.6428571428571429
0.7963241261741943,1.0,0.7352941176470589,0.5714285714285714
0.7279735903355274,1.0,0.6911764705882353,0.42857142857142855
0.7612735125729927,1.0,0.7058823529411765,0.5
0.7462988393310633,1.0,0.6911764705882353,0.5714285714285714
0.7439261807611276,1.0,0.6176470588235294,0.5714285714285714
0.667918099309234,1.0,0.6470588235294118,0.35714285714285715
0.7447006545367202,1.0,0.6617647058823529,0.5714285714285714
0.807910240534354,1.0,0.7941176470588235,0.5714285714285714
0.7619423756864515,1.0,0.75,0.5
0.7234702847417233,1.0,0.7794117647058824,0.35714285714285715
0.785225073029951,1.0,0.75,0.6428571428571429
0.7869749900368394,1.0,0.6470588235294118,0.7857142857142857
0.7669433683822172,1.0,0.7058823529411765,0.7142857142857143
0.7088071031733003,1.0,0.6323529411764706,0.5
0.7876000648193161,1.0,0.7058823529411765,0.6428571428571429
0.7570230525853102,1.0,0.7205882352941176,0.5714285714285714
0.7653778425970938,1.0,0.7058823529411765,0.5714285714285714
0.7788359788359789,1.0,0.7058823529411765,0.7142857142857143
0.7891073960582514,1.0,0.7794117647058824,0.5714285714285714
0.776678758935268,1.0,0.7352941176470589,0.6428571428571429
0.7734455784274155,1.0,0.7352941176470589,0.5714285714285714
0.7614132809086938,1.0,0.6323529411764706,0.5714285714285714
0.7489645776662631,1.0,0.6911764705882353,0.6428571428571429
0.8098884747464753,1.0,0.7352941176470589,0.6428571428571429
0.7526294524189261,1.0,0.7794117647058824,0.5
0.7644676642167556,1.0,0.7205882352941176,0.5714285714285714
0.8567460317460318,1.0,0.8235294117647058,0.7142857142857143
0.765725845088256,1.0,0.6470588235294118,0.6428571428571429
0.7634206341198572,1.0,0.6764705882352942,0.6428571428571429
0.7633317572892041,1.0,0.75,0.5
0.7224639484622492,1.0,0.6764705882352942,0.42857142857142855
0.7948988561702947,1.0,0.7794117647058824,0.5714285714285714
0.7458759845044768,1.0,0.6911764705882353,0.5
0.7861584828943621,1.0,0.7352941176470589,0.6428571428571429
0.7308438155136269,1.0,0.6911764705882353,0.5
0.8492148749370042,1.0,0.7205882352941176,0.8571428571428571
0.7392937676586175,1.0,0.6323529411764706,0.5714285714285714
0.6976721354872019,1.0,0.7058823529411765,0.35714285714285715
0.8087223312162627,1.0,0.75,0.6428571428571429
0.7311015322419457,1.0,0.7352941176470589,0.35714285714285715
0.7553865773951857,1.0,0.7205882352941176,0.5
0.763394903855262,1.0,0.6470588235294118,0.7142857142857143
0.7461419540493793,1.0,0.7058823529411765,0.5714285714285714
0.6744025473437238,1.0,0.6029411764705882,0.42857142857142855
0.8247045570916538,1.0,0.7794117647058824,0.7142857142857143
0.8193456370072516,1.0,0.7352941176470589,0.7142857142857143
0.8348234928263941,1.0,0.75,0.7857142857142857
0.747532997612386,1.0,0.7058823529411765,0.5714285714285714
0.6770373413155121,1.0,0.7352941176470589,0.2857142857142857
0.7691876576009115,1.0,0.6176470588235294,0.7142857142857143
0.8169109668470175,1.0,0.75,0.7142857142857143
0.7465225678337365,1.0,0.6617647058823529,0.5714285714285714
0.8044630704205172,1.0,0.7352941176470589,0.7142857142857143
0.7484296648192136,1.0,0.7352941176470589,0.5
0.7798050188294091,1.0,0.7352941176470589,0.6428571428571429
0.7962866020725231,1.0,0.7352941176470589,0.7142857142857143
0.716347316369013,1.0,0.6911764705882353,0.5
0.6905358885336638,1.0,0.6176470588235294,0.42857142857142855
0.8136100994911737,1.0,0.7058823529411765,0.8571428571428571
0.7874202099565902,1.0,0.7205882352941176,0.6428571428571429
0.738301454258901,1.0,0.7205882352941176,0.5
0.8174996720451265,1.0,0.75,0.7857142857142857
0.7207369451845779,1.0,0.6911764705882353,0.42857142857142855
0.6639309415680325,1.0,0.6764705882352942,0.2857142857142857
0.6852551297780668,1.0,0.6617647058823529,0.35714285714285715
0.7562859535159537,1.0,0.7647058823529411,0.5
0.7717154309140523,1.0,0.7058823529411765,0.6428571428571429
0.7472987005697286,1.0,0.6029411764705882,0.7142857142857143
0.7460037688387539,1.0,0.6911764705882353,0.5714285714285714
0.8086596304651413,1.0,0.6617647058823529,0.7857142857142857
0.7644676642167556,1.0,0.7205882352941176,0.5714285714285714
0.7635326092067523,1.0,0.7647058823529411,0.5714285714285714
0.7877001594896331,1.0,0.7647058823529411,0.6428571428571429
0.8193456370072516,1.0,0.7352941176470589,0.7142857142857143
0.8135272747444097,1.0,0.7794117647058824,0.6428571428571429
0.7630601057577615,1.0,0.7205882352941176,0.5714285714285714
0.7559158318506486,1.0,0.7794117647058824,0.5
0.7436500754147812,1.0,0.7352941176470589,0.42857142857142855
0.7509386253926902,1.0,0.75,0.5
0.7079379125627554,1.0,0.6617647058823529,0.5
0.8231387550646491,1.0,0.7352941176470589,0.7857142857142857
0.7576378290090235,1.0,0.6911764705882353,0.6428571428571429
0.8173452456373989,1.0,0.7941176470588235,0.6428571428571429
0.7987103174603174,1.0,0.7941176470588235,0.5714285714285714
0.7485193818527152,1.0,0.6764705882352942,0.5
0.725014245014245,1.0,0.6323529411764706,0.5714285714285714
0.6972346191457045,1.0,0.5735294117647058,0.5
0.7962690995401275,1.0,0.6911764705882353,0.6428571428571429
0.7712142780609512,1.0,0.7205882352941176,0.6428571428571429
0.7675943835518303,1.0,0.6911764705882353,0.6428571428571429
0.7544018351534977,1.0,0.7352941176470589,0.5
0.719414950593292,1.0,0.6470588235294118,0.5
0.7725104821802935,1.0,0.6911764705882353,0.6428571428571429
0.7833502997398485,1.0,0.7058823529411765,0.7142857142857143
0.7731499391073858,1.0,0.7058823529411765,0.6428571428571429
0.7415725805646565,1.0,0.6176470588235294,0.6428571428571429
0.7426068928947468,1.0,0.6617647058823529,0.6428571428571429
0.7973282299523433,1.0,0.7647058823529411,0.5714285714285714
0.8386120339608713,1.0,0.8235294117647058,0.6428571428571429
0.7948271361145945,1.0,0.7058823529411765,0.7142857142857143
0.6734736548647895,1.0,0.6617647058823529,0.35714285714285715
0.7833502997398485,1.0,0.7058823529411765,0.7142857142857143
0.7419627857522594,1.0,0.75,0.5
0.7232259988073942,1.0,0.6617647058823529,0.42857142857142855
0.7678443420378905,1.0,0.75,0.5714285714285714
0.8418067857825414,1.0,0.7941176470588235,0.7142857142857143
0.7986193485658726,1.0,0.7352941176470589,0.6428571428571429
0.7349011165834938,1.0,0.6176470588235294,0.5714285714285714
0.7246988069946069,1.0,0.7205882352941176,0.42857142857142855
0.6463187799069274,1.0,0.6911764705882353,0.21428571428571427
0.7581688053386166,1.0,0.7794117647058824,0.42857142857142855
0.8707618279362735,1.0,0.7794117647058824,0.8571428571428571
0.7910429047869806,1.0,0.7647058823529411,0.5714285714285714
0.7724171338397247,1.0,0.7352941176470589,0.6428571428571429
0.7516064349236963,1.0,0.7205882352941176,0.5714285714285714
0.7294515919999479,1.0,0.6911764705882353,0.5
0.782967134484772,1.0,0.6617647058823529,0.7857142857142857
0.6777381838016959,1.0,0.6470588235294118,0.35714285714285715
0.7993257221668838,1.0,0.7647058823529411,0.6428571428571429
0.766785317621563,1.0,0.75,0.42857142857142855
0.7210714285714285,1.0,0.6617647058823529,0.5
0.6899198931909213,1.0,0.6617647058823529,0.35714285714285715
0.768385150203332,1.0,0.7205882352941176,0.6428571428571429
0.7354910359398573,1.0,0.5147058823529411,0.7857142857142857
0.7705066300134177,1.0,0.6764705882352942,0.7142857142857143
0.738992874082084,1.0,0.7205882352941176,0.42857142857142855
0.7987635686000466,1.0,0.7647058823529411,0.5714285714285714
0.6958443420378905,1.0,0.7205882352941176,0.35714285714285715
0.7598606686867116,1.0,0.7205882352941176,0.5714285714285714
0.7122082180086821,1.0,0.6470588235294118,0.42857142857142855
0.7526199367228005,1.0,0.6470588235294118,0.5714285714285714
0.7178988904776156,1.0,0.6911764705882353,0.42857142857142855
0.7543961878123948,1.0,0.7058823529411765,0.5714285714285714
0.776483823653635,1.0,0.6764705882352942,0.7142857142857143
0.6817013574660633,1.0,0.7058823529411765,0.2857142857142857
0.8363993710691825,1.0,0.75,0.7857142857142857
0.8326028979598771,1.0,0.7794117647058824,0.7142857142857143
0.7739425770308123,1.0,0.6911764705882353,0.6428571428571429
0.7192629192717496,1.0,0.6911764705882353,0.42857142857142855
0.8351420509315246,1.0,0.8382352941176471,0.6428571428571429
0.7695186950642663,1.0,0.6764705882352942,0.7857142857142857
0.7901302068246335,1.0,0.75,0.6428571428571429
0.7383088520529278,1.0,0.6470588235294118,0.6428571428571429
0.7712319935680592,1.0,0.6764705882352942,0.6428571428571429
0.7842109181822101,1.0,0.7352941176470589,0.7142857142857143
0.7612416755267097,1.0,0.75,0.5
0.6587907846526849,1.0,0.5882352941176471,0.35714285714285715
0.7940540194572453,1.0,0.7647058823529411,0.6428571428571429
0.7517381989080102,1.0,0.6617647058823529,0.6428571428571429
0.7388998153951399,1.0,0.7058823529411765,0.5
0.8045376519922157,1.0,0.6323529411764706,0.7142857142857143
0.7876168370388509,1.0,0.7941176470588235,0.5
0.7376163730214785,1.0,0.6617647058823529,0.5714285714285714
0.7543167420814479,1.0,0.7647058823529411,0.42857142857142855
0.8169109668470175,1.0,0.75,0.7142857142857143
0.7097418436514357,1.0,0.6470588235294118,0.5
0.7250171914896505,1.0,0.6617647058823529,0.5
0.8317108369633891,1.0,0.75,0.7142857142857143
0.7484296648192136,1.0,0.7352941176470589,0.5
0.7742629300524038,1.0,0.8382352941176471,0.42857142857142855
0.7712319935680592,1.0,0.6764705882352942,0.6428571428571429
0.6830073354380488,1.0,0.7058823529411765,0.2857142857142857
0.7653067564471471,1.0,0.7205882352941176,0.5
0.6946100664186584,1.0,0.7058823529411765,0.35714285714285715
0.7095547659425557,1.0,0.6617647058823529,0.42857142857142855
0.7848346668668983,1.0,0.7058823529411765,0.6428571428571429
0.8003781512605043,1.0,0.7058823529411765,0.7142857142857143
0.709114056041923,1.0,0.6764705882352942,0.42857142857142855
0.7817385122804884,1.0,0.7941176470588235,0.5
0.808446376735907,1.0,0.75,0.7142857142857143
0.7791961012047094,1.0,0.7205882352941176,0.5714285714285714
0.7102929467644071,1.0,0.6029411764705882,0.5714285714285714
0.7238280238280238,1.0,0.6764705882352942,0.42857142857142855
0.7774057653433896,1.0,0.75,0.5714285714285714
0.755583167054683,1.0,0.7205882352941176,0.5714285714285714
0.760168332735938,1.0,0.6911764705882353,0.6428571428571429
0.7095547659425557,1.0,0.6617647058823529,0.42857142857142855
0.7931097066925944,1.0,0.7205882352941176,0.6428571428571429
0.7155459878721242,1.0,0.7647058823529411,0.35714285714285715
0.826984126984127,1.0,0.7352941176470589,0.8571428571428571
0.7893272186750447,1.0,0.6617647058823529,0.7142857142857143
0.7430859323841418,1.0,0.6029411764705882,0.6428571428571429
0.8029708757465044,1.0,0.7205882352941176,0.7142857142857143
0.7388299266247379,1.0,0.7794117647058824,0.35714285714285715
0.7909444801882072,1.0,0.75,0.7142857142857143
0.7813239483827719,1.0,0.6764705882352942,0.7142857142857143
0.7650230528279308,1.0,0.75,0.5714285714285714
0.776259214512559,1.0,0.7205882352941176,0.5714285714285714
0.7696721652767061,1.0,0.8088235294117647,0.42857142857142855
0.8566712420370957,1.0,0.7794117647058824,0.8571428571428571
0.7641867750849217,1.0,0.6911764705882353,0.5714285714285714
0.6946100664186584,1.0,0.7058823529411765,0.35714285714285715
0.7403832478041092,1.0,0.7058823529411765,0.5
0.6936235417426175,1.0,0.75,0.2857142857142857
0.7124713098073755,1.0,0.6323529411764706,0.5
0.7720294212573681,1.0,0.7352941176470589,0.5714285714285714
0.7860789509369513,1.0,0.7352941176470589,0.5714285714285714
0.7465225678337365,1.0,0.6617647058823529,0.5714285714285714
0.8106263435606801,1.0,0.6323529411764706,0.8571428571428571
0.7306894665190784,1.0,0.7058823529411765,0.42857142857142855
0.793868490173574,1.0,0.6470588235294118,0.7857142857142857
0.7923824697377168,1.0,0.6470588235294118,0.7857142857142857
0.7732107398774065,1.0,0.6764705882352942,0.5714285714285714
0.7683403361344537,1.0,0.6764705882352942,0.6428571428571429
0.7722933968762667,1.0,0.6617647058823529,0.6428571428571429
0.7671408407496408,1.0,0.7058823529411765,0.6428571428571429
0.7604051917392259,1.0,0.7058823529411765,0.5714285714285714
0.8199448700472326,1.0,0.75,0.7142857142857143
0.7360663491098274,1.0,0.6323529411764706,0.5714285714285714
0.7833502997398485,1.0,0.7058823529411765,0.7142857142857143
0.7569682526681462,1.0,0.75,0.5
0.7544018351534977,1.0,0.7352941176470589,0.5
0.709241427114225,1.0,0.5882352941176471,0.5714285714285714
0.770887484470372,1.0,0.7205882352941176,0.5714285714285714
0.8156036489942364,1.0,0.7352941176470589,0.6428571428571429
0.7063751553044973,1.0,0.6764705882352942,0.42857142857142855
0.7340637312937316,1.0,0.7647058823529411,0.42857142857142855
0.6916100917210796,1.0,0.6470588235294118,0.42857142857142855
0.719414950593292,1.0,0.6470588235294118,0.5
0.7690241827682587,1.0,0.7941176470588235,0.42857142857142855
0.7788101270732941,1.0,0.7352941176470589,0.5714285714285714
0.7725104821802935,1.0,0.6911764705882353,0.6428571428571429
0.7260369853203498,1.0,0.7205882352941176,0.42857142857142855
0.7948988561702947,1.0,0.7794117647058824,0.5714285714285714
0.7606071549733521,1.0,0.6617647058823529,0.6428571428571429
0.8066297972180325,1.0,0.6911764705882353,0.7857142857142857
0.8105096302086726,1.0,0.7058823529411765,0.6428571428571429
0.8123786337419935,1.0,0.75,0.6428571428571429
0.7940540194572453,1.0,0.7647058823529411,0.6428571428571429
0.6928143031288094,1.0,0.7058823529411765,0.2857142857142857
0.7680255242268735,1.0,0.7205882352941176,0.5714285714285714
0.7425153822212646,1.0,0.7647058823529411,0.5
0.8231387550646491,1.0,0.7352941176470589,0.7857142857142857
0.7553865773951857,1.0,0.7205882352941176,0.5
0.7374978069983528,1.0,0.7058823529411765,0.5
0.7206658770536668,1.0,0.6911764705882353,0.42857142857142855
0.7080849178214631,1.0,0.6176470588235294,0.5
0.786507180873378,1.0,0.6764705882352942,0.7142857142857143
0.816383594358509,1.0,0.7647058823529411,0.7142857142857143
0.7403832478041092,1.0,0.7058823529411765,0.5
0.7315407759303246,1.0,0.75,0.42857142857142855
0.7934302352667132,1.0,0.75,0.5714285714285714
0.8191095350669819,1.0,0.7205882352941176,0.7857142857142857
0.7165529962272572,1.0,0.6029411764705882,0.6428571428571429
0.7140265925491643,1.0,0.6470588235294118,0.42857142857142855
0.7765289233483385,1.0,0.6764705882352942,0.6428571428571429
0.8526132818303372,1.0,0.8088235294117647,0.6428571428571429
0.720874109263658,1.0,0.7205882352941176,0.42857142857142855
0.7644676642167556,1.0,0.7205882352941176,0.5714285714285714
0.7560376396421452,1.0,0.7205882352941176,0.5714285714285714
0.7235254894829363,1.0,0.6470588235294118,0.5714285714285714
0.7561794313925095,1.0,0.6911764705882353,0.6428571428571429
0.776678758935268,1.0,0.7352941176470589,0.6428571428571429
0.7416922631121414,1.0,0.6323529411764706,0.6428571428571429
0.816383594358509,1.0,0.7647058823529411,0.7142857142857143
0.782137542413171,1.0,0.7205882352941176,0.6428571428571429
0.7813185537081023,1.0,0.7647058823529411,0.5714285714285714
0.7622228004741665,1.0,0.7205882352941176,0.5
0.7933519593094062,1.0,0.7058823529411765,0.7142857142857143
0.8035407759303247,1.0,0.7647058823529411,0.6428571428571429
0.7742642305773305,1.0,0.6323529411764706,0.7857142857142857
0.7571900547233779,1.0,0.6911764705882353,0.5
0.7880516467835711,1.0,0.6470588235294118,0.7142857142857143
0.768738877242022,1.0,0.75,0.5
0.6907400033965404,1.0,0.5735294117647058,0.5714285714285714
0.7479040303480784,1.0,0.6617647058823529,0.5714285714285714
0.7684801599583034,1.0,0.7352941176470589,0.5714285714285714
0.8320045440462667,1.0,0.6911764705882353,1.0
0.7389907046537156,1.0,0.6617647058823529,0.5714285714285714
0.7357549857549858,1.0,0.6323529411764706,0.5
0.7293835793835793,1.0,0.6911764705882353,0.42857142857142855
0.741120713688319,1.0,0.6911764705882353,0.5714285714285714
0.7387141858839973,1.0,0.7352941176470589,0.42857142857142855
0.7483288641183378,1.0,0.7941176470588235,0.42857142857142855
0.7772250727873304,1.0,0.7205882352941176,0.6428571428571429
0.7749398045802695,1.0,0.7647058823529411,0.5714285714285714
0.6702934641023677,1.0,0.7058823529411765,0.2857142857142857
0.783489827856025,1.0,0.6911764705882353,0.6428571428571429
0.7593362479640448,1.0,0.7794117647058824,0.42857142857142855
0.8302071927680891,1.0,0.75,0.7142857142857143
0.7720294212573681,1.0,0.7352941176470589,0.5714285714285714
0.7684126938199448,1.0,0.6323529411764706,0.7142857142857143
0.7604051917392259,1.0,0.7058823529411765,0.5714285714285714
0.7736301850741811,1.0,0.6764705882352942,0.6428571428571429
0.7461419540493793,1.0,0.7058823529411765,0.5714285714285714
0.7584567650902163,1.0,0.7205882352941176,0.5714285714285714
0.6916379764740421,1.0,0.6323529411764706,0.42857142857142855
0.732543271689682,1.0,0.6617647058823529,0.5
0.7378527398321099,1.0,0.6764705882352942,0.5714285714285714
0.7692911010558069,1.0,0.7352941176470589,0.5
0.7306651178344509,1.0,0.6617647058823529,0.5
0.704454926624738,1.0,0.6764705882352942,0.42857142857142855
0.7453054911059551,1.0,0.7058823529411765,0.42857142857142855
0.8307254444695203,1.0,0.8088235294117647,0.6428571428571429
0.8277818915398614,1.0,0.7058823529411765,0.9285714285714286
0.7475070028011204,1.0,0.6764705882352942,0.5714285714285714
0.7724440017367763,1.0,0.75,0.5714285714285714
0.6529171627493344,1.0,0.6617647058823529,0.2857142857142857
0.6971751845324752,1.0,0.7205882352941176,0.35714285714285715
0.6933932094985371,1.0,0.6029411764705882,0.5
0.7360177418182059,1.0,0.6470588235294118,0.5
0.7731499391073858,1.0,0.7058823529411765,0.6428571428571429
0.7260369853203498,1.0,0.7205882352941176,0.42857142857142855
0.7333409871395914,1.0,0.6470588235294118,0.5714285714285714
0.7503972574118061,1.0,0.7794117647058824,0.42857142857142855
0.7925575950122998,1.0,0.6911764705882353,0.6428571428571429
0.7604051917392259,1.0,0.7058823529411765,0.5714285714285714
0.7963339100779859,1.0,0.7794117647058824,0.5714285714285714
0.7746137903912641,1.0,0.6764705882352942,0.5714285714285714
0.7929225646723177,1.0,0.7941176470588235,0.5714285714285714
0.7183686916822573,1.0,0.5882352941176471,0.6428571428571429
0.6954754487464768,1.0,0.6764705882352942,0.35714285714285715
0.7263986540039924,1.0,0.6617647058823529,0.5
0.7349612338732262,1.0,0.7058823529411765,0.5
0.8008676532424928,1.0,0.7647058823529411,0.7142857142857143
0.7418634505591027,1.0,0.6470588235294118,0.5714285714285714
0.7833523086654016,1.0,0.7058823529411765,0.6428571428571429
0.8210512760012204,1.0,0.6764705882352942,0.7857142857142857
0.7707858179556294,1.0,0.6617647058823529,0.7142857142857143
0.694910384730489,1.0,0.6911764705882353,0.35714285714285715
0.7961335353813656,1.0,0.7205882352941176,0.6428571428571429
0.7224155126018528,1.0,0.6911764705882353,0.5
0.7446009389671362,1.0,0.7058823529411765,0.5
0.7348658348875315,1.0,0.6911764705882353,0.5714285714285714
0.7724595757306038,1.0,0.6911764705882353,0.5714285714285714
0.6770083780953345,1.0,0.5882352941176471,0.42857142857142855
0.7473923633498102,1.0,0.6911764705882353,0.5714285714285714
0.7679273709892204,1.0,0.6470588235294118,0.7142857142857143
0.8365031592657127,1.0,0.7058823529411765,0.7857142857142857
0.7544230957105541,1.0,0.7058823529411765,0.5714285714285714
0.6856705386117151,1.0,0.6470588235294118,0.35714285714285715
0.7390273353533784,1.0,0.7205882352941176,0.5
0.7876000648193161,1.0,0.7058823529411765,0.6428571428571429
0.7673458666366467,1.0,0.75,0.5
0.7866758184888599,1.0,0.7647058823529411,0.5714285714285714
0.6972123326174381,1.0,0.6617647058823529,0.42857142857142855
0.7587114845938375,1.0,0.7058823529411765,0.5714285714285714
0.725812593499252,1.0,0.6029411764705882,0.5714285714285714
0.6992671276898242,1.0,0.6029411764705882,0.5
0.7820791706950262,1.0,0.6470588235294118,0.7142857142857143
0.7032822323108361,1.0,0.6911764705882353,0.35714285714285715
0.6806641366223909,1.0,0.6617647058823529,0.35714285714285715
0.7869749900368394,1.0,0.6470588235294118,0.7857142857142857
0.732972804972805,1.0,0.7205882352941176,0.35714285714285715
0.756881160456448,1.0,0.6617647058823529,0.5714285714285714
0.7632171210721621,1.0,0.6764705882352942,0.6428571428571429
0.7757851872567031,1.0,0.7205882352941176,0.6428571428571429
0.7516771488469601,1.0,0.6911764705882353,0.5714285714285714
0.7973282299523433,1.0,0.7647058823529411,0.5714285714285714
0.8145269572662487,1.0,0.7647058823529411,0.5714285714285714
0.752124808730095,1.0,0.6764705882352942,0.5714285714285714
0.798818709325905,1.0,0.7058823529411765,0.7857142857142857
0.7224493382138405,1.0,0.6617647058823529,0.5
0.7819105680833119,1.0,0.7058823529411765,0.6428571428571429
0.75629137676576,1.0,0.6911764705882353,0.5714285714285714
0.7766279005398928,1.0,0.7058823529411765,0.6428571428571429
0.7810453834115805,1.0,0.75,0.5
0.7719714043378166,1.0,0.8235294117647058,0.42857142857142855
0.7137532773984715,1.0,0.6764705882352942,0.42857142857142855
0.7557120500782473,1.0,0.7352941176470589,0.5
0.7708365708365709,1.0,0.6470588235294118,0.6428571428571429
0.7546072474400698,1.0,0.6617647058823529,0.6428571428571429
0.7233633713519324,1.0,0.7058823529411765,0.42857142857142855
0.7647939653758754,1.0,0.7352941176470589,0.5
0.7827821094294111,1.0,0.7647058823529411,0.5714285714285714
0.7353811468526628,1.0,0.7205882352941176,0.5
0.7792159517835571,1.0,0.6911764705882353,0.7142857142857143
0.7288555668130137,1.0,0.7205882352941176,0.42857142857142855
0.71539156116556,1.0,0.6617647058823529,0.5
0.7349994043028149,1.0,0.6617647058823529,0.5714285714285714
0.6495008699540237,1.0,0.5882352941176471,0.35714285714285715
0.8414502463913188,1.0,0.75,0.7857142857142857
0.7910429047869806,1.0,0.7647058823529411,0.5714285714285714
0.6978498985801217,1.0,0.6176470588235294,0.5
0.8300378904249871,1.0,0.7941176470588235,0.7142857142857143
0.8108962002880248,1.0,0.6911764705882353,0.7857142857142857
0.786507180873378,1.0,0.6764705882352942,0.7142857142857143
0.789631394295046,1.0,0.6911764705882353,0.6428571428571429
0.8129428977792447,1.0,0.7352941176470589,0.7142857142857143
0.8053753408243131,1.0,0.7058823529411765,0.7857142857142857
0.7842301812738363,1.0,0.75,0.5714285714285714
0.7939493780808623,1.0,0.75,0.6428571428571429
0.7339809242248266,1.0,0.7205882352941176,0.5
0.7495217613927291,1.0,0.75,0.5
0.7657705736322965,1.0,0.7058823529411765,0.6428571428571429
0.8119900301718483,1.0,0.7352941176470589,0.7857142857142857
0.7731499391073858,1.0,0.7058823529411765,0.6428571428571429
0.7146292988690474,1.0,0.7058823529411765,0.42857142857142855
0.7955920814731557,1.0,0.7058823529411765,0.7857142857142857
0.7591520150174785,1.0,0.6470588235294118,0.7142857142857143
0.753883594358509,1.0,0.7647058823529411,0.5
0.7671408407496408,1.0,0.7058823529411765,0.6428571428571429
0.7349391349391349,1.0,0.7058823529411765,0.42857142857142855
0.7986193485658726,1.0,0.7352941176470589,0.6428571428571429
0.8132012458253594,1.0,0.8088235294117647,0.5714285714285714
0.7390453834115807,1.0,0.6911764705882353,0.5
0.6981683769171356,1.0,0.5882352941176471,0.5714285714285714
0.7901302068246335,1.0,0.75,0.6428571428571429
0.7489323890612981,1.0,0.6764705882352942,0.5714285714285714
0.7459757417618172,1.0,0.6323529411764706,0.6428571428571429
0.7486957486957486,1.0,0.5882352941176471,0.7142857142857143
0.736258320532514,1.0,0.7205882352941176,0.5
0.8126984126984126,1.0,0.7941176470588235,0.6428571428571429
0.789932348182362,1.0,0.8088235294117647,0.5
0.7551761508818814,1.0,0.6470588235294118,0.7142857142857143
0.7827666849866457,1.0,0.75,0.5714285714285714
0.8144352281739544,1.0,0.7352941176470589,0.7142857142857143
0.7571809509862121,1.0,0.8235294117647058,0.42857142857142855
0.7387141858839973,1.0,0.7352941176470589,0.42857142857142855
0.7292444065139562,1.0,0.7205882352941176,0.5
0.7162822464648987,1.0,0.7647058823529411,0.35714285714285715
0.8048576850094876,1.0,0.7058823529411765,0.7142857142857143
0.7576719576719576,1.0,0.7647058823529411,0.5
0.7875764221158957,1.0,0.7941176470588235,0.5714285714285714
0.7336215932914046,1.0,0.7647058823529411,0.35714285714285715
0.818818280035415,1.0,0.7941176470588235,0.6428571428571429
0.8092589281575515,1.0,0.7058823529411765,0.7857142857142857
0.7140228278593059,1.0,0.7352941176470589,0.35714285714285715
0.7478966747429269,1.0,0.7941176470588235,0.35714285714285715
0.7637543011964815,1.0,0.6764705882352942,0.7142857142857143
0.7813185537081023,1.0,0.7647058823529411,0.5714285714285714
0.7475070028011204,1.0,0.6764705882352942,0.5714285714285714
0.826813725490196,1.0,0.7205882352941176,0.7857142857142857
0.7542056074766356,1.0,0.7058823529411765,0.5
0.7583539794084001,1.0,0.75,0.5
0.7598606686867116,1.0,0.7205882352941176,0.5714285714285714
0.7638768192907582,1.0,0.7352941176470589,0.5714285714285714
0.7663051606713577,1.0,0.6764705882352942,0.6428571428571429
0.6944870543101805,1.0,0.7058823529411765,0.35714285714285715
0.743082650492326,1.0,0.6323529411764706,0.6428571428571429
0.6861973515426829,1.0,0.5735294117647058,0.5
0.7166547638245752,1.0,0.7352941176470589,0.35714285714285715
0.6993089652664121,1.0,0.6323529411764706,0.5
0.7315490290823522,1.0,0.6911764705882353,0.42857142857142855
0.7710271377368151,1.0,0.75,0.5714285714285714
0.7750886154364975,1.0,0.7794117647058824,0.5
0.7788101270732941,1.0,0.7352941176470589,0.5714285714285714
0.7583539794084001,1.0,0.75,0.5
0.7216347875922344,1.0,0.6764705882352942,0.5
0.7659066824683184,1.0,0.6911764705882353,0.6428571428571429
0.715233015776494,1.0,0.6323529411764706,0.5
0.677982177982178,1.0,0.5588235294117647,0.5
0.7396995060890549,1.0,0.6911764705882353,0.5714285714285714
0.7461215932914046,1.0,0.6764705882352942,0.5714285714285714
0.8348234928263941,1.0,0.75,0.7857142857142857
0.6656786761625472,1.0,0.5441176470588235,0.42857142857142855
0.8069161692073573,1.0,0.75,0.7142857142857143
0.7812581599840512,1.0,0.6617647058823529,0.6428571428571429
0.7455622813066687,1.0,0.7352941176470589,0.5
0.7556055907451394,1.0,0.7941176470588235,0.42857142857142855
0.7459881612060918,1.0,0.6323529411764706,0.6428571428571429
0.779306622967868,1.0,0.6176470588235294,0.7142857142857143
0.7127295211457282,1.0,0.7058823529411765,0.42857142857142855
0.696927421375054,1.0,0.6911764705882353,0.35714285714285715
0.7452550616446104,1.0,0.7058823529411765,0.5714285714285714
0.7929298518298684,1.0,0.7352941176470589,0.6428571428571429
0.8034329743309868,1.0,0.6470588235294118,0.8571428571428571
0.6965818811384561,1.0,0.5441176470588235,0.5714285714285714
0.8303057136833227,1.0,0.7794117647058824,0.6428571428571429
0.7476077091679126,1.0,0.6764705882352942,0.5714285714285714
0.7507358212102044,1.0,0.6764705882352942,0.5714285714285714
0.7313356477251965,1.0,0.7794117647058824,0.35714285714285715
0.8119900301718483,1.0,0.7352941176470589,0.7857142857142857
0.7598272656277296,1.0,0.6470588235294118,0.5714285714285714
0.7828249642094169,1.0,0.6764705882352942,0.7142857142857143
0.7717154309140523,1.0,0.7058823529411765,0.6428571428571429
0.7833502997398485,1.0,0.7058823529411765,0.7142857142857143
0.7026817470479442,1.0,0.5588235294117647,0.6428571428571429
0.7802693445948193,1.0,0.7352941176470589,0.5714285714285714
0.7668231611893583,1.0,0.7058823529411765,0.5714285714285714
0.7458033020046512,1.0,0.7205882352941176,0.5
0.7795448179271709,1.0,0.7058823529411765,0.6428571428571429
0.7698582362477849,1.0,0.7205882352941176,0.6428571428571429
0.8144067569019229,1.0,0.6764705882352942,0.7857142857142857
0.7869078774981756,1.0,0.6764705882352942,0.6428571428571429
0.7634055439086885,1.0,0.7352941176470589,0.5
0.7086894945259726,1.0,0.7205882352941176,0.35714285714285715
0.7316605467156263,1.0,0.6176470588235294,0.5714285714285714
0.7118847971777756,1.0,0.6911764705882353,0.42857142857142855
0.7901015245126101,1.0,0.6911764705882353,0.5714285714285714
0.7448763853367434,1.0,0.6470588235294118,0.6428571428571429
0.7077250685220324,1.0,0.6764705882352942,0.42857142857142855
0.7088071031733003,1.0,0.6323529411764706,0.5
0.7540749374082707,1.0,0.6911764705882353,0.5
0.7293496867886905,1.0,0.6470588235294118,0.5714285714285714
0.7108686128479828,1.0,0.6617647058823529,0.5
0.8174996720451265,1.0,0.75,0.7857142857142857
0.6793601370871332,1.0,0.6617647058823529,0.35714285714285715
0.7869749900368394,1.0,0.6470588235294118,0.7857142857142857
0.751816357973376,1.0,0.7205882352941176,0.5
0.7207489364898682,1.0,0.6470588235294118,0.5
0.7334695929763807,1.0,0.6764705882352942,0.5714285714285714
0.7436543828007931,1.0,0.6911764705882353,0.5
0.6986518870414358,1.0,0.7205882352941176,0.35714285714285715
0.7055741791448519,1.0,0.7058823529411765,0.42857142857142855
0.7678443420378905,1.0,0.75,0.5714285714285714
0.8183557576035879,1.0,0.7205882352941176,0.7142857142857143
0.6181888744902055,1.0,0.6617647058823529,0.14285714285714285
0.7951869498506016,1.0,0.7058823529411765,0.6428571428571429
0.7248210300553576,1.0,0.7058823529411765,0.42857142857142855
0.7803001908073867,1.0,0.7058823529411765,0.7142857142857143
0.7181610255818871,1.0,0.7058823529411765,0.42857142857142855
0.7707495726392808,1.0,0.7058823529411765,0.5714285714285714
0.7528778000476114,1.0,0.7647058823529411,0.42857142857142855
0.7160792320366789,1.0,0.6617647058823529,0.5
0.7556299738204458,1.0,0.7352941176470589,0.5714285714285714
0.7219888531971556,1.0,0.6323529411764706,0.5714285714285714
0.7675943835518303,1.0,0.6911764705882353,0.6428571428571429
0.7862237644280586,1.0,0.6617647058823529,0.7857142857142857
0.736258320532514,1.0,0.7205882352941176,0.5
0.7620634646062773,1.0,0.7647058823529411,0.5
0.7256336136249587,1.0,0.6470588235294118,0.5714285714285714
0.7894853234005669,1.0,0.7352941176470589,0.5714285714285714
0.7833523086654016,1.0,0.7058823529411765,0.6428571428571429
0.7376163730214785,1.0,0.6617647058823529,0.5714285714285714
0.7627882599580712,1.0,0.7205882352941176,0.5714285714285714
0.7890453834115805,1.0,0.7058823529411765,0.6428571428571429
0.7896510850202966,1.0,0.7058823529411765,0.7142857142857143
0.8716413357302392,1.0,0.8088235294117647,0.7857142857142857
0.8165078789058152,1.0,0.7794117647058824,0.6428571428571429
0.7512938387255327,1.0,0.6911764705882353,0.5
0.7347071290733261,1.0,0.6470588235294118,0.5714285714285714
0.7622035943768551,1.0,0.6323529411764706,0.6428571428571429
0.7067600554873076,1.0,0.6323529411764706,0.5
0.7572327044025157,1.0,0.7058823529411765,0.5714285714285714
0.7774057653433896,1.0,0.75,0.5714285714285714
0.808752717279849,1.0,0.8088235294117647,0.5714285714285714
0.8053753408243131,1.0,0.7058823529411765,0.7857142857142857
0.7409500623134221,1.0,0.75,0.42857142857142855
0.7625277486288576,1.0,0.8088235294117647,0.35714285714285715
0.7683403361344537,1.0,0.6764705882352942,0.6428571428571429
0.7543961878123948,1.0,0.7058823529411765,0.5714285714285714
0.6806641366223909,1.0,0.6617647058823529,0.35714285714285715
0.7685716940804759,1.0,0.7058823529411765,0.6428571428571429
0.7244384019658198,1.0,0.6764705882352942,0.5
0.7195791706950262,1.0,0.6470588235294118,0.5
0.8017986328204206,1.0,0.7352941176470589,0.6428571428571429
0.789631394295046,1.0,0.6911764705882353,0.6428571428571429
0.8173452456373989,1.0,0.7941176470588235,0.6428571428571429
0.6972123326174381,1.0,0.6617647058823529,0.42857142857142855
0.6974232346967223,1.0,0.6764705882352942,0.42857142857142855
0.7963339100779859,1.0,0.7794117647058824,0.5714285714285714
0.7009932077144234,1.0,0.6323529411764706,0.42857142857142855
0.8164784294564611,1.0,0.8088235294117647,0.6428571428571429
0.8144067569019229,1.0,0.6764705882352942,0.7857142857142857
0.7303197361202002,1.0,0.6323529411764706,0.5
0.7899855363023894,1.0,0.7352941176470589,0.6428571428571429
0.7866758184888599,1.0,0.7647058823529411,0.5714285714285714
0.7315770535856618,1.0,0.7205882352941176,0.42857142857142855
0.7416346646185356,1.0,0.7352941176470589,0.5
0.7727746266004619,1.0,0.6470588235294118,0.7142857142857143
0.7493255413062467,1.0,0.6617647058823529,0.5714285714285714
0.7588387600903245,1.0,0.6764705882352942,0.6428571428571429
0.7778203458227978,1.0,0.7647058823529411,0.5714285714285714
0.7588939952793283,1.0,0.7058823529411765,0.6428571428571429
0.8446009389671362,1.0,0.7352941176470589,0.7857142857142857
0.7449815129250837,1.0,0.7058823529411765,0.5
0.7349011165834938,1.0,0.6176470588235294,0.5714285714285714
0.780694002020045,1.0,0.7205882352941176,0.6428571428571429
0.8491993393427254,1.0,0.8382352941176471,0.7142857142857143
0.7011776753712238,1.0,0.7352941176470589,0.35714285714285715
0.7292304448661184,1.0,0.6764705882352942,0.5
0.7929424111242294,1.0,0.7352941176470589,0.7142857142857143
0.6913451013467711,1.0,0.6176470588235294,0.5
0.7481357433738048,1.0,0.7647058823529411,0.5
0.7278805316485834,1.0,0.6764705882352942,0.5
0.7787054946629414,1.0,0.7205882352941176,0.6428571428571429
0.7191739559989397,1.0,0.6323529411764706,0.5714285714285714
0.7296481296481296,1.0,0.5882352941176471,0.6428571428571429
0.7037214177597461,1.0,0.7058823529411765,0.35714285714285715
0.773420887164963,1.0,0.6911764705882353,0.7142857142857143
0.7462277799017621,1.0,0.75,0.42857142857142855
0.7630161385249202,1.0,0.6911764705882353,0.6428571428571429
0.7495142528037265,1.0,0.7647058823529411,0.5
0.7380988272452376,1.0,0.6764705882352942,0.5
0.7244384019658198,1.0,0.6764705882352942,0.5
0.7170201923340365,1.0,0.5882352941176471,0.6428571428571429
0.7954055905029315,1.0,0.75,0.6428571428571429
0.7736878831455237,1.0,0.7058823529411765,0.5714285714285714
0.6758866962691537,1.0,0.6911764705882353,0.2857142857142857
0.8092948717948718,1.0,0.8235294117647058,0.6428571428571429
0.7335628544790614,1.0,0.7058823529411765,0.5
0.7239419501266697,1.0,0.6764705882352942,0.5
0.7410222574118062,1.0,0.8382352941176471,0.2857142857142857
0.7679273709892204,1.0,0.6470588235294118,0.7142857142857143
0.7678443420378905,1.0,0.75,0.5714285714285714
0.7165063898585539,1.0,0.6764705882352942,0.42857142857142855
0.8418067857825414,1.0,0.7941176470588235,0.7142857142857143
0.691974570264044,1.0,0.7205882352941176,0.35714285714285715
0.8154049734611889,1.0,0.8235294117647058,0.5714285714285714
0.7486143486143485,1.0,0.6470588235294118,0.5714285714285714
0.7516771488469601,1.0,0.6911764705882353,0.5714285714285714
0.782137542413171,1.0,0.7205882352941176,0.6428571428571429
0.7362855277176341,1.0,0.6911764705882353,0.5
0.7889078642209572,1.0,0.7205882352941176,0.6428571428571429
0.7245888748767286,1.0,0.6617647058823529,0.5714285714285714
0.6795456913172725,1.0,0.5882352941176471,0.5
0.7505346874574074,1.0,0.7352941176470589,0.5714285714285714
0.7876000648193161,1.0,0.7058823529411765,0.6428571428571429
0.6892337223326369,1.0,0.6911764705882353,0.35714285714285715
0.8216174715749184,1.0,0.7794117647058824,0.6428571428571429
0.7644676642167556,1.0,0.7205882352941176,0.5714285714285714
0.7851851851851852,1.0,0.7794117647058824,0.5714285714285714
0.7544018351534977,1.0,0.7352941176470589,0.5
0.7292801273514872,1.0,0.6617647058823529,0.5
0.7611675600714723,1.0,0.6617647058823529,0.5714285714285714
0.6923191559772164,1.0,0.6764705882352942,0.42857142857142855
0.7126893411392993,1.0,0.6617647058823529,0.5
0.832936507936508,1.0,0.8235294117647058,0.6428571428571429
0.7226830517153098,1.0,0.7352941176470589,0.42857142857142855
0.7598606686867116,1.0,0.7205882352941176,0.5714285714285714
0.6972980275913195,1.0,0.6764705882352942,0.42857142857142855
0.7739425770308123,1.0,0.6911764705882353,0.6428571428571429
0.8208415707880948,1.0,0.7352941176470589,0.7142857142857143
0.7420233557391076,1.0,0.6911764705882353,0.5714285714285714
0.7092092446685054,1.0,0.6911764705882353,0.42857142857142855
0.8069274540972654,1.0,0.7058823529411765,0.7857142857142857
0.7164241535661494,1.0,0.6323529411764706,0.5
0.8244200244200245,1.0,0.8382352941176471,0.5714285714285714
0.7845891250465304,1.0,0.7647058823529411,0.6428571428571429
0.8410970302099335,1.0,0.7794117647058824,0.7857142857142857
0.7244729007169766,1.0,0.7647058823529411,0.35714285714285715
0.8233100770724019,1.0,0.75,0.7142857142857143
0.7540068979509028,1.0,0.7205882352941176,0.5
0.7770778377726354,1.0,0.6617647058823529,0.7142857142857143
0.8438363973916455,1.0,0.7647058823529411,0.7857142857142857
0.7924223541134672,1.0,0.75,0.7142857142857143
0.7490340839178048,1.0,0.7794117647058824,0.42857142857142855
0.7946748660460606,1.0,0.6911764705882353,0.7857142857142857
0.7252882599580713,1.0,0.6764705882352942,0.5
0.7634206341198572,1.0,0.6764705882352942,0.6428571428571429
0.776483823653635,1.0,0.6764705882352942,0.7142857142857143
0.7892293179114884,1.0,0.8235294117647058,0.5
0.751797810423776,1.0,0.7794117647058824,0.42857142857142855
0.7974270929893507,1.0,0.7205882352941176,0.7142857142857143
0.8168231611893585,1.0,0.7205882352941176,0.7142857142857143
0.716954306588971,1.0,0.6617647058823529,0.42857142857142855
0.7675943835518303,1.0,0.6911764705882353,0.6428571428571429
0.7989075148649617,1.0,0.7205882352941176,0.7142857142857143
0.7719243459410133,1.0,0.6911764705882353,0.7142857142857143
0.7806780042625697,1.0,0.6911764705882353,0.7142857142857143
0.7894853234005669,1.0,0.7352941176470589,0.5714285714285714
0.7349994043028149,1.0,0.6617647058823529,0.5714285714285714
0.7644676642167556,1.0,0.7205882352941176,0.5714285714285714
0.696927421375054,1.0,0.6911764705882353,0.35714285714285715
0.7129752658123297,1.0,0.5882352941176471,0.5714285714285714
0.7387141858839973,1.0,0.7352941176470589,0.42857142857142855
0.712740971381345,1.0,0.6911764705882353,0.42857142857142855
0.7587254335271888,1.0,0.7794117647058824,0.5
0.7549091492753464,1.0,0.6470588235294118,0.6428571428571429
0.7619581194727584,1.0,0.6470588235294118,0.7142857142857143
0.7587542645547286,1.0,0.5882352941176471,0.7142857142857143
0.7207489364898682,1.0,0.6470588235294118,0.5
0.7859730405608417,1.0,0.7205882352941176,0.6428571428571429
0.7802969487698309,1.0,0.7941176470588235,0.5
0.7389907046537156,1.0,0.6617647058823529,0.5714285714285714
0.8404889527312157,1.0,0.7647058823529411,0.8571428571428571
0.7544018351534977,1.0,0.7352941176470589,0.5
0.7978079477653947,1.0,0.7794117647058824,0.5714285714285714
0.709241427114225,1.0,0.5882352941176471,0.5714285714285714
0.7219647374274013,1.0,0.6176470588235294,0.5714285714285714
0.709914114406093,1.0,0.6764705882352942,0.42857142857142855
0.7567583195998496,1.0,0.7058823529411765,0.5
0.7397008160030905,1.0,0.6470588235294118,0.6428571428571429
0.7940540194572453,1.0,0.7647058823529411,0.6428571428571429
0.7901302068246335,1.0,0.75,0.6428571428571429
0.66840306276926,1.0,0.6323529411764706,0.35714285714285715
0.6738958300460459,1.0,0.6029411764705882,0.35714285714285715
0.7866518870414357,1.0,0.7794117647058824,0.5714285714285714
0.7657705736322965,1.0,0.7058823529411765,0.6428571428571429
0.7910741479962917,1.0,0.6911764705882353,0.6428571428571429
0.8101966401278555,1.0,0.8088235294117647,0.5714285714285714
0.7724440017367763,1.0,0.75,0.5714285714285714
0.6595635345736931,1.0,0.6029411764705882,0.35714285714285715
0.7258017486367335,1.0,0.6911764705882353,0.5
0.8044239938721583,1.0,0.7205882352941176,0.6428571428571429
0.7224155126018528,1.0,0.6911764705882353,0.5
0.8262376403552874,1.0,0.6911764705882353,0.8571428571428571
0.716167635978126,1.0,0.6029411764705882,0.5714285714285714
0.7634055439086885,1.0,0.7352941176470589,0.5
0.7075986387901323,1.0,0.6029411764705882,0.5
0.7840613592551576,1.0,0.8088235294117647,0.5
0.7896502354743782,1.0,0.7647058823529411,0.5714285714285714
0.7748048637205023,1.0,0.7205882352941176,0.5714285714285714
0.7859730405608417,1.0,0.7205882352941176,0.6428571428571429
0.7288317572892041,1.0,0.7647058823529411,0.35714285714285715
0.8065079090507217,1.0,0.7647058823529411,0.6428571428571429
0.7333901735218616,1.0,0.6911764705882353,0.5
0.7367811208872049,1.0,0.75,0.42857142857142855
0.7361346752131334,1.0,0.7058823529411765,0.5
0.7969020023094756,1.0,0.75,0.6428571428571429
0.714505108871306,1.0,0.6470588235294118,0.5
0.8233852588506462,1.0,0.7794117647058824,0.7142857142857143
0.7182448966948548,1.0,0.6764705882352942,0.5
0.7484296648192136,1.0,0.7352941176470589,0.5
0.7422514250188761,1.0,0.6911764705882353,0.5
0.8074074074074074,1.0,0.7794117647058824,0.6428571428571429
0.8022142180644991,1.0,0.6911764705882353,0.7142857142857143
0.7914644863888202,1.0,0.8382352941176471,0.5
0.6985427176595981,1.0,0.7352941176470589,0.35714285714285715
0.8173758107707071,1.0,0.7352941176470589,0.7857142857142857
0.7489638509432209,1.0,0.7058823529411765,0.5714285714285714
0.7500836088395698,1.0,0.8235294117647058,0.35714285714285715
0.7678443420378905,1.0,0.75,0.5714285714285714
0.7720294212573681,1.0,0.7352941176470589,0.5714285714285714
0.794600938967136,1.0,0.7205882352941176,0.6428571428571429
0.7417500085919512,1.0,0.7058823529411765,0.5
0.7947759103641455,1.0,0.6911764705882353,0.7142857142857143
0.7269925741623854,1.0,0.6470588235294118,0.5714285714285714
0.7666077044025158,1.0,0.7794117647058824,0.42857142857142855
0.8024328073466718,1.0,0.6764705882352942,0.7857142857142857
0.7704696292931588,1.0,0.6911764705882353,0.7142857142857143
0.6406298946962578,1.0,0.5735294117647058,0.35714285714285715
0.7773903409006242,1.0,0.7352941176470589,0.5714285714285714
0.7022148488930197,1.0,0.5882352941176471,0.5714285714285714
0.77989417989418,1.0,0.7647058823529411,0.5714285714285714
0.7587114845938375,1.0,0.7058823529411765,0.5714285714285714
0.7200493530695894,1.0,0.7205882352941176,0.42857142857142855
0.7603174603174603,1.0,0.7058823529411765,0.6428571428571429
0.7019111226761501,1.0,0.6911764705882353,0.35714285714285715
0.7422233210836761,1.0,0.6029411764705882,0.7857142857142857
0.734531550321024,1.0,0.8088235294117647,0.35714285714285715
0.7693403828461854,1.0,0.7058823529411765,0.5714285714285714
0.6772019824363099,1.0,0.7058823529411765,0.2857142857142857
0.7041699041699041,1.0,0.6470588235294118,0.42857142857142855
0.7498071990351458,1.0,0.7352941176470589,0.5
0.7680856422491652,1.0,0.6911764705882353,0.5714285714285714
0.7263921263921264,1.0,0.6470588235294118,0.5
0.7828659482581884,1.0,0.7058823529411765,0.5714285714285714
0.8101966401278555,1.0,0.8088235294117647,0.5714285714285714
0.681365317116204,1.0,0.6323529411764706,0.35714285714285715
0.7448763853367434,1.0,0.6470588235294118,0.6428571428571429
0.8127535167072294,1.0,0.7058823529411765,0.7142857142857143
0.7828249642094169,1.0,0.6764705882352942,0.7142857142857143
0.7371762740183793,1.0,0.6323529411764706,0.7142857142857143
0.8108471474325133,1.0,0.7647058823529411,0.7142857142857143
0.7216827979850723,1.0,0.6470588235294118,0.5714285714285714
0.7286388244392885,1.0,0.6617647058823529,0.42857142857142855
0.7789220329924609,1.0,0.8676470588235294,0.42857142857142855
0.7956678006496377,1.0,0.7352941176470589,0.6428571428571429
0.7288555668130137,1.0,0.7205882352941176,0.42857142857142855
0.7023356716663969,1.0,0.6470588235294118,0.5
0.7101643096555477,1.0,0.6323529411764706,0.5
0.6935844472302889,1.0,0.6911764705882353,0.35714285714285715
0.8003285710599427,1.0,0.6764705882352942,0.8571428571428571
0.8055987933634992,1.0,0.7647058823529411,0.5714285714285714
0.724772561145028,1.0,0.7058823529411765,0.42857142857142855
0.7444308549491243,1.0,0.7205882352941176,0.5
0.6654696654696655,1.0,0.5735294117647058,0.42857142857142855
0.8051223687428282,1.0,0.6911764705882353,0.7857142857142857
0.7937350927732862,1.0,0.7205882352941176,0.7142857142857143
0.8402116402116402,1.0,0.8088235294117647,0.7142857142857143
0.714505108871306,1.0,0.6470588235294118,0.5
0.8326028979598771,1.0,0.7794117647058824,0.7142857142857143
0.7699321450910727,1.0,0.7352941176470589,0.5714285714285714
0.8138457334153174,1.0,0.75,0.6428571428571429
0.8103806757376547,1.0,0.7794117647058824,0.6428571428571429
0.7021695129664769,1.0,0.6617647058823529,0.42857142857142855
0.7608008787443117,1.0,0.7205882352941176,0.5
0.8376552572248411,1.0,0.75,0.7142857142857143
0.7619581194727584,1.0,0.6470588235294118,0.7142857142857143
0.82486554862838,1.0,0.7352941176470589,0.6428571428571429
0.7370135099566691,1.0,0.7058823529411765,0.42857142857142855
0.8476458665603402,1.0,0.8382352941176471,0.7142857142857143
0.7807088417204131,1.0,0.6911764705882353,0.6428571428571429
0.6295099553027225,1.0,0.6911764705882353,0.14285714285714285
0.8003010977045135,1.0,0.7941176470588235,0.6428571428571429
